Animal,Father,Mother,Line
10977965,Sire_01,Dam_01,Wami
10978207,Sire_01,Dam_01,Wami
10978378,Sire_01,Dam_01,Wami
10978460,Sire_01,Dam_01,Wami
10977732,Sire_01,Dam_01,Wami
10978532,Sire_01,Dam_01,Wami
10978612,Sire_01,Dam_01,Wami
10977963,Sire_01,Dam_01,Wami
10977682,Sire_01,Dam_01,Wami
10978295,Sire_01,Dam_01,Wami
10977643,Sire_01,Dam_01,Wami
10978401,Sire_01,Dam_01,Wami
10978321,Sire_01,Dam_01,Wami
10978593,Sire_01,Dam_01,Wami
10977891,Sire_01,Dam_01,Wami
10978510,Sire_01,Dam_01,Wami
10978282,Sire_01,Dam_01,Wami
10978130,Sire_01,Dam_01,Wami
10977956,Sire_01,Dam_01,Wami
10978586,Sire_01,Dam_01,Wami
10978426,Sire_01,Dam_01,Wami
10978463,Sire_01,Dam_01,Wami
10977973,Sire_01,Dam_01,Wami
10978434,Sire_01,Dam_01,Wami
10978506,Sire_01,Dam_01,Wami
10977686,Sire_01,Dam_01,Wami
10978184,Sire_01,Dam_01,Wami
10978407,Sire_01,Dam_01,Wami
10977751,Sire_01,Dam_01,Wami
10977710,Sire_01,Dam_01,Wami
10977793,Sire_02,Dam_02,Wami
10977889,Sire_02,Dam_02,Wami
10977985,Sire_02,Dam_02,Wami
10977702,Sire_02,Dam_02,Wami
10978024,Sire_02,Dam_02,Wami
10978539,Sire_02,Dam_02,Wami
10978226,Sire_02,Dam_02,Wami
10977804,Sire_02,Dam_02,Wami
10977856,Sire_02,Dam_02,Wami
10978385,Sire_02,Dam_02,Wami
10978349,Sire_02,Dam_02,Wami
10978217,Sire_02,Dam_02,Wami
10978432,Sire_02,Dam_02,Wami
10977749,Sire_02,Dam_02,Wami
10978630,Sire_02,Dam_02,Wami
10978307,Sire_02,Dam_02,Wami
10977769,Sire_02,Dam_02,Wami
10978616,Sire_02,Dam_02,Wami
10977698,Sire_02,Dam_02,Wami
10977700,Sire_02,Dam_02,Wami
10978309,Sire_02,Dam_02,Wami
10978092,Sire_02,Dam_02,Wami
10978565,Sire_02,Dam_02,Wami
10977770,Sire_02,Dam_02,Wami
10978008,Sire_02,Dam_02,Wami
10978431,Sire_02,Dam_02,Wami
10977968,Sire_02,Dam_02,Wami
10978117,Sire_02,Dam_02,Wami
10978045,Sire_02,Dam_02,Wami
10978344,Sire_02,Dam_02,Wami
10978284,Sire_03,Dam_03,Wami
10978427,Sire_03,Dam_03,Wami
10977905,Sire_03,Dam_03,Wami
10978034,Sire_03,Dam_03,Wami
10977840,Sire_03,Dam_03,Wami
10978629,Sire_03,Dam_03,Wami
10978414,Sire_03,Dam_03,Wami
10978181,Sire_03,Dam_03,Wami
10978019,Sire_03,Dam_03,Wami
10978373,Sire_03,Dam_03,Wami
10978354,Sire_03,Dam_03,Wami
10978325,Sire_03,Dam_03,Wami
10977768,Sire_03,Dam_03,Wami
10977993,Sire_03,Dam_03,Wami
10978395,Sire_03,Dam_03,Wami
10978359,Sire_03,Dam_03,Wami
10977862,Sire_03,Dam_03,Wami
10977747,Sire_03,Dam_03,Wami
10977668,Sire_03,Dam_03,Wami
10977971,Sire_03,Dam_03,Wami
10978521,Sire_03,Dam_03,Wami
10978047,Sire_04,Dam_04,Wami
10978466,Sire_04,Dam_04,Wami
10975865,Sire_04,Dam_04,Wami
10977890,Sire_04,Dam_04,Wami
10978180,Sire_04,Dam_04,Wami
10977838,Sire_04,Dam_04,Wami
10977703,Sire_04,Dam_04,Wami
10977785,Sire_04,Dam_04,Wami
10978224,Sire_04,Dam_04,Wami
10978313,Sire_04,Dam_04,Wami
10978091,Sire_04,Dam_04,Wami
10978230,Sire_04,Dam_04,Wami
10978382,Sire_04,Dam_04,Wami
10977976,Sire_04,Dam_04,Wami
10977922,Sire_04,Dam_04,Wami
10977805,Sire_04,Dam_04,Wami
10978068,Sire_04,Dam_04,Wami
10978608,Sire_04,Dam_04,Wami
10977871,Sire_04,Dam_04,Wami
10978206,Sire_04,Dam_04,Wami
10978440,Sire_04,Dam_04,Wami
10978338,Sire_04,Dam_04,Wami
10978294,Sire_04,Dam_04,Wami
10975859,Sire_04,Dam_04,Wami
10978531,Sire_04,Dam_04,Wami
10978156,Sire_04,Dam_04,Wami
10978459,Sire_04,Dam_04,Wami
10978040,Sire_05,Dam_05,Chemchem
10978518,Sire_05,Dam_05,Chemchem
10975249,Sire_05,Dam_05,Chemchem
10975051,Sire_05,Dam_05,Chemchem
10975438,Sire_05,Dam_05,Chemchem
10974829,Sire_05,Dam_05,Chemchem
10974959,Sire_05,Dam_05,Chemchem
10974700,Sire_05,Dam_05,Chemchem
10975555,Sire_05,Dam_05,Chemchem
10974823,Sire_05,Dam_05,Chemchem
10977960,Sire_05,Dam_05,Chemchem
10975388,Sire_05,Dam_05,Chemchem
10975573,Sire_05,Dam_05,Chemchem
10974856,Sire_05,Dam_05,Chemchem
10974943,Sire_05,Dam_05,Chemchem
10974803,Sire_05,Dam_05,Chemchem
10975163,Sire_05,Dam_05,Chemchem
10974988,Sire_05,Dam_05,Chemchem
10975209,Sire_05,Dam_05,Chemchem
10975140,Sire_05,Dam_05,Chemchem
10975556,Sire_05,Dam_05,Chemchem
10977796,Sire_05,Dam_05,Chemchem
10975510,Sire_05,Dam_05,Chemchem
10974923,Sire_05,Dam_05,Chemchem
10974925,Sire_05,Dam_05,Chemchem
10975396,Sire_05,Dam_05,Chemchem
10975096,Sire_05,Dam_05,Chemchem
10974653,Sire_05,Dam_05,Chemchem
10974794,Sire_05,Dam_05,Chemchem
10974850,Sire_05,Dam_05,Chemchem
10975184,Sire_06,Dam_06,Chemchem
10974850,Sire_06,Dam_06,Chemchem
10975291,Sire_06,Dam_06,Chemchem
10974964,Sire_06,Dam_06,Chemchem
10974720,Sire_06,Dam_06,Chemchem
10975381,Sire_06,Dam_06,Chemchem
10974990,Sire_06,Dam_06,Chemchem
10975167,Sire_06,Dam_06,Chemchem
10975162,Sire_06,Dam_06,Chemchem
10975406,Sire_06,Dam_06,Chemchem
10975153,Sire_06,Dam_06,Chemchem
10974914,Sire_06,Dam_06,Chemchem
10975415,Sire_06,Dam_06,Chemchem
10974679,Sire_06,Dam_06,Chemchem
10974647,Sire_06,Dam_06,Chemchem
10974967,Sire_06,Dam_06,Chemchem
10974691,Sire_06,Dam_06,Chemchem
10974645,Sire_06,Dam_06,Chemchem
10974892,Sire_06,Dam_06,Chemchem
10975173,Sire_06,Dam_06,Chemchem
10975629,Sire_06,Dam_06,Chemchem
10975310,Sire_06,Dam_06,Chemchem
10974798,Sire_06,Dam_06,Chemchem
10975186,Sire_06,Dam_06,Chemchem
10975465,Sire_06,Dam_06,Chemchem
10974703,Sire_06,Dam_06,Chemchem
10974820,Sire_06,Dam_06,Chemchem
10974934,Sire_07,Dam_07,Chemchem
10975580,Sire_07,Dam_07,Chemchem
10974677,Sire_07,Dam_07,Chemchem
10974744,Sire_07,Dam_07,Chemchem
10975131,Sire_07,Dam_07,Chemchem
10975480,Sire_07,Dam_07,Chemchem
10975358,Sire_07,Dam_07,Chemchem
10975454,Sire_07,Dam_07,Chemchem
10975315,Sire_07,Dam_07,Chemchem
10975068,Sire_07,Dam_07,Chemchem
10975551,Sire_07,Dam_07,Chemchem
10974683,Sire_07,Dam_07,Chemchem
10975560,Sire_07,Dam_07,Chemchem
10975371,Sire_07,Dam_07,Chemchem
10974987,Sire_07,Dam_07,Chemchem
10975546,Sire_07,Dam_07,Chemchem
10975316,Sire_07,Dam_07,Chemchem
10974877,Sire_07,Dam_07,Chemchem
10975490,Sire_07,Dam_07,Chemchem
10975205,Sire_07,Dam_07,Chemchem
10974897,Sire_07,Dam_07,Chemchem
10975413,Sire_07,Dam_07,Chemchem
10975432,Sire_07,Dam_07,Chemchem
10975369,Sire_07,Dam_07,Chemchem
10975148,Sire_07,Dam_07,Chemchem
10974717,Sire_08,Dam_08,Chemchem
10974806,Sire_08,Dam_08,Chemchem
10974875,Sire_08,Dam_08,Chemchem
10974991,Sire_08,Dam_08,Chemchem
10974732,Sire_08,Dam_08,Chemchem
10975155,Sire_08,Dam_08,Chemchem
10975613,Sire_08,Dam_08,Chemchem
10974929,Sire_08,Dam_08,Chemchem
10975110,Sire_08,Dam_08,Chemchem
10975181,Sire_08,Dam_08,Chemchem
10974989,Sire_08,Dam_08,Chemchem
10975628,Sire_08,Dam_08,Chemchem
10975325,Sire_08,Dam_08,Chemchem
10975460,Sire_08,Dam_08,Chemchem
10975583,Sire_08,Dam_08,Chemchem
10975403,Sire_08,Dam_08,Chemchem
10977660,Sire_08,Dam_08,Chemchem
10977717,Sire_08,Dam_08,Chemchem
10979553,Sire_08,Dam_08,Chemchem
10975608,Sire_08,Dam_08,Chemchem
10975152,Sire_08,Dam_08,Chemchem
10975409,Sire_08,Dam_08,Chemchem
10974812,Sire_08,Dam_08,Chemchem
10974821,Sire_08,Dam_08,Chemchem
10975473,Sire_08,Dam_08,Chemchem
10975508,Sire_08,Dam_08,Chemchem
10974743,Sire_08,Dam_08,Chemchem
10975014,Sire_08,Dam_08,Chemchem
10974776,Sire_08,Dam_08,Chemchem
10975485,Sire_09,Dam_09,Mindu
10975074,Sire_09,Dam_09,Mindu
10974974,Sire_09,Dam_09,Mindu
10975019,Sire_09,Dam_09,Mindu
10974998,Sire_09,Dam_09,Mindu
10974956,Sire_09,Dam_09,Mindu
10975350,Sire_09,Dam_09,Mindu
10974670,Sire_09,Dam_09,Mindu
10975021,Sire_09,Dam_09,Mindu
10975330,Sire_09,Dam_09,Mindu
10975356,Sire_09,Dam_09,Mindu
10975027,Sire_09,Dam_09,Mindu
10975448,Sire_09,Dam_09,Mindu
10975130,Sire_09,Dam_09,Mindu
10975241,Sire_09,Dam_09,Mindu
10975419,Sire_09,Dam_09,Mindu
10975545,Sire_09,Dam_09,Mindu
10975498,Sire_09,Dam_09,Mindu
10975600,Sire_09,Dam_09,Mindu
10975140,Sire_09,Dam_09,Mindu
10975311,Sire_09,Dam_09,Mindu
10975621,Sire_09,Dam_09,Mindu
10974859,Sire_09,Dam_09,Mindu
10974898,Sire_09,Dam_09,Mindu
10975579,Sire_09,Dam_09,Mindu
10975262,Sire_09,Dam_09,Mindu
10975472,Sire_09,Dam_09,Mindu
10974918,Sire_010,Dam_010,Mindu
10975280,Sire_010,Dam_010,Mindu
10975482,Sire_010,Dam_010,Mindu
10974771,Sire_010,Dam_010,Mindu
10974950,Sire_010,Dam_010,Mindu
10975054,Sire_010,Dam_010,Mindu
10975048,Sire_010,Dam_010,Mindu
10974949,Sire_010,Dam_010,Mindu
10975418,Sire_010,Dam_010,Mindu
10975469,Sire_010,Dam_010,Mindu
10975491,Sire_010,Dam_010,Mindu
10974733,Sire_010,Dam_010,Mindu
10975524,Sire_010,Dam_010,Mindu
10975383,Sire_010,Dam_010,Mindu
10974769,Sire_010,Dam_010,Mindu
10975086,Sire_010,Dam_010,Mindu
10975142,Sire_010,Dam_010,Mindu
10975332,Sire_010,Dam_010,Mindu
10974740,Sire_010,Dam_010,Mindu
10974729,Sire_010,Dam_010,Mindu
10974862,Sire_010,Dam_010,Mindu
10975531,Sire_010,Dam_010,Mindu
10975135,Sire_010,Dam_010,Mindu
10975581,Sire_010,Dam_010,Mindu
10975265,Sire_010,Dam_010,Mindu
10975349,Sire_010,Dam_010,Mindu
10975500,Sire_010,Dam_010,Mindu
10975343,Sire_010,Dam_010,Mindu
10975289,Sire_010,Dam_010,Mindu
10974953,Sire_010,Dam_010,Mindu
10974815,Sire_010,Dam_010,Mindu
10974888,Sire_011,Dam_011,Mindu
10974896,Sire_011,Dam_011,Mindu
10974751,Sire_011,Dam_011,Mindu
10974749,Sire_011,Dam_011,Mindu
10974783,Sire_011,Dam_011,Mindu
10975100,Sire_011,Dam_011,Mindu
10975412,Sire_011,Dam_011,Mindu
10974978,Sire_011,Dam_011,Mindu
10975360,Sire_011,Dam_011,Mindu
10974672,Sire_011,Dam_011,Mindu
10975607,Sire_011,Dam_011,Mindu
10974799,Sire_011,Dam_011,Mindu
10975126,Sire_011,Dam_011,Mindu
10974842,Sire_011,Dam_011,Mindu
10974984,Sire_011,Dam_011,Mindu
10975050,Sire_011,Dam_011,Mindu
10975618,Sire_011,Dam_011,Mindu
10975375,Sire_011,Dam_011,Mindu
10975084,Sire_011,Dam_011,Mindu
10975071,Sire_011,Dam_011,Mindu
10975240,Sire_011,Dam_011,Mindu
10975550,Sire_011,Dam_011,Mindu
10974993,Sire_011,Dam_011,Mindu
10975229,Sire_011,Dam_011,Mindu
10976587,Sire_011,Dam_011,Mindu
10975449,Sire_011,Dam_011,Mindu
10975254,Sire_011,Dam_011,Mindu
10975424,Sire_011,Dam_011,Mindu
10974775,Sire_011,Dam_011,Mindu
10974824,Sire_011,Dam_011,Mindu
10974755,Sire_012,Dam_012,Mindu
10975474,Sire_012,Dam_012,Mindu
10975034,Sire_012,Dam_012,Mindu
10974975,Sire_012,Dam_012,Mindu
10975263,Sire_012,Dam_012,Mindu
10974985,Sire_012,Dam_012,Mindu
10974797,Sire_012,Dam_012,Mindu
10975563,Sire_012,Dam_012,Mindu
10975105,Sire_012,Dam_012,Mindu
10975337,Sire_012,Dam_012,Mindu
10975312,Sire_012,Dam_012,Mindu
10975102,Sire_012,Dam_012,Mindu
10975166,Sire_012,Dam_012,Mindu
10974807,Sire_012,Dam_012,Mindu
10974817,Sire_012,Dam_012,Mindu
10974845,Sire_012,Dam_012,Mindu
10974836,Sire_012,Dam_012,Mindu
10974681,Sire_012,Dam_012,Mindu
10974724,Sire_012,Dam_012,Mindu
10975323,Sire_012,Dam_012,Mindu
10974759,Sire_012,Dam_012,Mindu
10975446,Sire_012,Dam_012,Mindu
10974864,Sire_012,Dam_012,Mindu
10975259,Sire_012,Dam_012,Mindu
10975271,Sire_012,Dam_012,Mindu
10975108,Sire_012,Dam_012,Mindu
10975281,Sire_012,Dam_012,Mindu
10974839,Sire_012,Dam_012,Mindu
10975193,Sire_012,Dam_012,Mindu
10975314,Sire_012,Dam_012,Mindu
10974980,Sire_013,Dam_013,Utete
10975120,Sire_013,Dam_013,Utete
10975161,Sire_013,Dam_013,Utete
10975614,Sire_013,Dam_013,Utete
10974763,Sire_013,Dam_013,Utete
10974688,Sire_013,Dam_013,Utete
10974838,Sire_013,Dam_013,Utete
10974760,Sire_013,Dam_013,Utete
10975431,Sire_013,Dam_013,Utete
10974809,Sire_013,Dam_013,Utete
10975554,Sire_013,Dam_013,Utete
10975201,Sire_013,Dam_013,Utete
10974642,Sire_013,Dam_013,Utete
10974841,Sire_013,Dam_013,Utete
10975463,Sire_013,Dam_013,Utete
10975364,Sire_013,Dam_013,Utete
10975433,Sire_013,Dam_013,Utete
10974882,Sire_013,Dam_013,Utete
10975080,Sire_013,Dam_013,Utete
10975543,Sire_013,Dam_013,Utete
10975511,Sire_013,Dam_013,Utete
10975283,Sire_013,Dam_013,Utete
10975532,Sire_013,Dam_013,Utete
10975119,Sire_013,Dam_013,Utete
10975390,Sire_013,Dam_013,Utete
10975352,Sire_013,Dam_013,Utete
10975005,Sire_013,Dam_013,Utete
10975212,Sire_013,Dam_013,Utete
10975175,Sire_013,Dam_013,Utete
10974646,Sire_014,Dam_014,Utete
10974933,Sire_014,Dam_014,Utete
10975117,Sire_014,Dam_014,Utete
10974634,Sire_014,Dam_014,Utete
10975141,Sire_014,Dam_014,Utete
10975378,Sire_014,Dam_014,Utete
10975572,Sire_014,Dam_014,Utete
10975303,Sire_014,Dam_014,Utete
10975146,Sire_014,Dam_014,Utete
10975516,Sire_014,Dam_014,Utete
10975598,Sire_014,Dam_014,Utete
10975065,Sire_014,Dam_014,Utete
10974652,Sire_014,Dam_014,Utete
10975582,Sire_014,Dam_014,Utete
10975456,Sire_014,Dam_014,Utete
10975334,Sire_014,Dam_014,Utete
10974868,Sire_014,Dam_014,Utete
10974994,Sire_014,Dam_014,Utete
10975437,Sire_014,Dam_014,Utete
10975475,Sire_014,Dam_014,Utete
10975447,Sire_014,Dam_014,Utete
10974885,Sire_014,Dam_014,Utete
10974756,Sire_015,Dam_015,Utete
10975242,Sire_015,Dam_015,Utete
10975174,Sire_015,Dam_015,Utete
10974660,Sire_015,Dam_015,Utete
10974635,Sire_015,Dam_015,Utete
10974639,Sire_015,Dam_015,Utete
10975588,Sire_015,Dam_015,Utete
10975233,Sire_015,Dam_015,Utete
10975395,Sire_015,Dam_015,Utete
10975150,Sire_015,Dam_015,Utete
10975269,Sire_015,Dam_015,Utete
10975591,Sire_015,Dam_015,Utete
10974889,Sire_015,Dam_015,Utete
10974701,Sire_015,Dam_015,Utete
10975414,Sire_015,Dam_015,Utete
10975479,Sire_015,Dam_015,Utete
10974757,Sire_015,Dam_015,Utete
10975251,Sire_015,Dam_015,Utete
10974931,Sire_015,Dam_015,Utete
10975033,Sire_015,Dam_015,Utete
10974833,Sire_015,Dam_015,Utete
10975109,Sire_015,Dam_015,Utete
10974834,Sire_015,Dam_015,Utete
10975138,Sire_015,Dam_015,Utete
10975593,Sire_016,Dam_016,Utete
10975313,Sire_016,Dam_016,Utete
10974731,Sire_016,Dam_016,Utete
10974695,Sire_016,Dam_016,Utete
10975537,Sire_016,Dam_016,Utete
10975489,Sire_016,Dam_016,Utete
10975268,Sire_016,Dam_016,Utete
10974711,Sire_016,Dam_016,Utete
10975049,Sire_016,Dam_016,Utete
10975467,Sire_016,Dam_016,Utete
10974781,Sire_016,Dam_016,Utete
10975275,Sire_016,Dam_016,Utete
10974970,Sire_016,Dam_016,Utete
10974867,Sire_016,Dam_016,Utete
10975103,Sire_016,Dam_016,Utete
10975145,Sire_016,Dam_016,Utete
10975243,Sire_016,Dam_016,Utete
10975398,Sire_016,Dam_016,Utete
10974669,Sire_016,Dam_016,Utete
10974887,Sire_016,Dam_016,Utete
10974844,Sire_016,Dam_016,Utete
10975362,Sire_016,Dam_016,Utete
10974704,Sire_016,Dam_016,Utete
10975411,Sire_016,Dam_016,Utete
10975238,Sire_016,Dam_016,Utete
10975149,Sire_016,Dam_016,Utete
10974819,Sire_016,Dam_016,Utete
10975079,Sire_016,Dam_016,Utete
10974884,Sire_016,Dam_016,Utete
10974633,Sire_016,Dam_016,Utete
10975056,Sire_017,Dam_017,Kibasira
10974876,Sire_017,Dam_017,Kibasira
10974895,Sire_017,Dam_017,Kibasira
10974706,Sire_017,Dam_017,Kibasira
10974793,Sire_017,Dam_017,Kibasira
10975377,Sire_017,Dam_017,Kibasira
10975222,Sire_017,Dam_017,Kibasira
10975436,Sire_017,Dam_017,Kibasira
10974649,Sire_017,Dam_017,Kibasira
10975563,Sire_017,Dam_017,Kibasira
10975250,Sire_017,Dam_017,Kibasira
10975354,Sire_017,Dam_017,Kibasira
10975018,Sire_018,Dam_018,Kibasira
10975476,Sire_018,Dam_018,Kibasira
10975578,Sire_018,Dam_018,Kibasira
10975549,Sire_018,Dam_018,Kibasira
10975565,Sire_018,Dam_018,Kibasira
10974851,Sire_018,Dam_018,Kibasira
10975487,Sire_018,Dam_018,Kibasira
10974946,Sire_018,Dam_018,Kibasira
10974661,Sire_018,Dam_018,Kibasira
10975002,Sire_018,Dam_018,Kibasira
10975244,Sire_018,Dam_018,Kibasira
10975182,Sire_018,Dam_018,Kibasira
10974753,Sire_018,Dam_018,Kibasira
10975717,Sire_018,Dam_018,Kibasira
10975536,Sire_019,Dam_019,Kibasira
10975172,Sire_019,Dam_019,Kibasira
10975255,Sire_019,Dam_019,Kibasira
10975405,Sire_019,Dam_019,Kibasira
10975218,Sire_019,Dam_019,Kibasira
10974693,Sire_019,Dam_019,Kibasira
10974957,Sire_019,Dam_019,Kibasira
10975164,Sire_019,Dam_019,Kibasira
10975304,Sire_019,Dam_019,Kibasira
10975020,Sire_019,Dam_019,Kibasira
10975452,Sire_019,Dam_019,Kibasira
10974927,Sire_019,Dam_019,Kibasira
10975481,Sire_019,Dam_019,Kibasira
10975340,Sire_019,Dam_019,Kibasira
10974919,Sire_019,Dam_019,Kibasira
10975615,Sire_019,Dam_019,Kibasira
10975604,Sire_019,Dam_019,Kibasira
10975010,Sire_019,Dam_019,Kibasira
10975534,Sire_019,Dam_019,Kibasira
10975341,Sire_019,Dam_019,Kibasira
10975451,Sire_019,Dam_019,Kibasira
10974960,Sire_019,Dam_019,Kibasira
10975574,Sire_019,Dam_019,Kibasira
10975603,Sire_019,Dam_019,Kibasira
10975392,Sire_019,Dam_019,Kibasira
10975124,Sire_019,Dam_019,Kibasira
10974936,Sire_019,Dam_019,Kibasira
10974854,Sire_019,Dam_019,Kibasira
10975182,Sire_019,Dam_019,Kibasira
10974678,Sire_019,Dam_019,Kibasira
10974939,Sire_019,Dam_019,Kibasira
10975153,Sire_019,Dam_019,Kibasira
10977207,Sire_020,Dam_020,Nyamisati
10977619,Sire_020,Dam_020,Nyamisati
10977332,Sire_020,Dam_020,Nyamisati
10977334,Sire_020,Dam_020,Nyamisati
10977498,Sire_020,Dam_020,Nyamisati
10977414,Sire_020,Dam_020,Nyamisati
10976765,Sire_020,Dam_020,Nyamisati
10976711,Sire_020,Dam_020,Nyamisati
10977248,Sire_020,Dam_020,Nyamisati
10977192,Sire_020,Dam_020,Nyamisati
10977257,Sire_020,Dam_020,Nyamisati
10976662,Sire_020,Dam_020,Nyamisati
10976950,Sire_020,Dam_020,Nyamisati
10977276,Sire_020,Dam_020,Nyamisati
10974658,Sire_020,Dam_020,Nyamisati
10977087,Sire_020,Dam_020,Nyamisati
10977624,Sire_020,Dam_020,Nyamisati
10977150,Sire_020,Dam_020,Nyamisati
10974707,Sire_020,Dam_020,Nyamisati
10975540,Sire_020,Dam_020,Nyamisati
10976734,Sire_020,Dam_020,Nyamisati
10977399,Sire_020,Dam_020,Nyamisati
10976654,Sire_020,Dam_020,Nyamisati
10977188,Sire_020,Dam_020,Nyamisati
10976805,Sire_020,Dam_020,Nyamisati
10977528,Sire_020,Dam_020,Nyamisati
10977164,Sire_020,Dam_020,Nyamisati
10976936,Sire_020,Dam_020,Nyamisati
10976756,Sire_020,Dam_020,Nyamisati
10975517,Sire_021,Dam_021,Nyamisati
10974825,Sire_021,Dam_021,Nyamisati
10975512,Sire_021,Dam_021,Nyamisati
10975207,Sire_021,Dam_021,Nyamisati
10975170,Sire_021,Dam_021,Nyamisati
10975094,Sire_021,Dam_021,Nyamisati
10975300,Sire_021,Dam_021,Nyamisati
10974954,Sire_021,Dam_021,Nyamisati
10974780,Sire_021,Dam_021,Nyamisati
10975216,Sire_021,Dam_021,Nyamisati
10975234,Sire_021,Dam_021,Nyamisati
10974787,Sire_021,Dam_021,Nyamisati
10975047,Sire_021,Dam_021,Nyamisati
10975015,Sire_021,Dam_021,Nyamisati
10975276,Sire_021,Dam_021,Nyamisati
10974870,Sire_021,Dam_021,Nyamisati
10974847,Sire_021,Dam_021,Nyamisati
10975625,Sire_021,Dam_021,Nyamisati
10974663,Sire_021,Dam_021,Nyamisati
10975072,Sire_021,Dam_021,Nyamisati
10975248,Sire_021,Dam_021,Nyamisati
10974826,Sire_021,Dam_021,Nyamisati
10975075,Sire_021,Dam_021,Nyamisati
10975523,Sire_021,Dam_021,Nyamisati
10975126,Sire_021,Dam_021,Nyamisati
10975577,Sire_021,Dam_021,Nyamisati
10974865,Sire_021,Dam_021,Nyamisati
10975619,Sire_022,Dam_022,Nyamisati
10975211,Sire_022,Dam_022,Nyamisati
10975076,Sire_022,Dam_022,Nyamisati
10975237,Sire_022,Dam_022,Nyamisati
10975327,Sire_022,Dam_022,Nyamisati
10974979,Sire_022,Dam_022,Nyamisati
10974738,Sire_022,Dam_022,Nyamisati
10975285,Sire_022,Dam_022,Nyamisati
10975035,Sire_022,Dam_022,Nyamisati
10975568,Sire_022,Dam_022,Nyamisati
10975339,Sire_022,Dam_022,Nyamisati
10974767,Sire_022,Dam_022,Nyamisati
10975282,Sire_022,Dam_022,Nyamisati
10975044,Sire_022,Dam_022,Nyamisati
10975459,Sire_022,Dam_022,Nyamisati
10975444,Sire_022,Dam_022,Nyamisati
10975230,Sire_022,Dam_022,Nyamisati
10974900,Sire_022,Dam_022,Nyamisati
10975495,Sire_022,Dam_022,Nyamisati
10974831,Sire_022,Dam_022,Nyamisati
10975601,Sire_022,Dam_022,Nyamisati
10975037,Sire_022,Dam_022,Nyamisati
10974723,Sire_022,Dam_022,Nyamisati
10975557,Sire_022,Dam_022,Nyamisati
10975203,Sire_022,Dam_022,Nyamisati
10974730,Sire_022,Dam_022,Nyamisati
10975030,Sire_022,Dam_022,Nyamisati
10975612,Sire_022,Dam_022,Nyamisati
10974705,Sire_022,Dam_022,Nyamisati
10975272,Sire_023,Dam_023,Nyamisati
10974699,Sire_023,Dam_023,Nyamisati
10975176,Sire_023,Dam_023,Nyamisati
10975564,Sire_023,Dam_023,Nyamisati
10975385,Sire_023,Dam_023,Nyamisati
10975592,Sire_023,Dam_023,Nyamisati
10975116,Sire_023,Dam_023,Nyamisati
10975053,Sire_023,Dam_023,Nyamisati
10974643,Sire_023,Dam_023,Nyamisati
10975217,Sire_023,Dam_023,Nyamisati
10974983,Sire_023,Dam_023,Nyamisati
10975504,Sire_023,Dam_023,Nyamisati
10974690,Sire_023,Dam_023,Nyamisati
10975245,Sire_023,Dam_023,Nyamisati
10975288,Sire_023,Dam_023,Nyamisati
10975151,Sire_023,Dam_023,Nyamisati
10975123,Sire_023,Dam_023,Nyamisati
10974725,Sire_023,Dam_023,Nyamisati
10975258,Sire_023,Dam_023,Nyamisati
10975194,Sire_023,Dam_023,Nyamisati
10975570,Sire_023,Dam_023,Nyamisati
10975264,Sire_023,Dam_023,Nyamisati
10974694,Sire_023,Dam_023,Nyamisati
10975317,Sire_023,Dam_023,Nyamisati
10975073,Sire_023,Dam_023,Nyamisati
10975368,Sire_023,Dam_023,Nyamisati
10975081,Sire_023,Dam_023,Nyamisati
10974881,Sire_023,Dam_023,Nyamisati
10975468,Sire_023,Dam_023,Nyamisati
10975525,Sire_023,Dam_023,Nyamisati
10974764,Sire_024,Dam_024,Bwawani
10974698,Sire_024,Dam_024,Bwawani
10975195,Sire_024,Dam_024,Bwawani
10974894,Sire_024,Dam_024,Bwawani
10975610,Sire_024,Dam_024,Bwawani
10975278,Sire_024,Dam_024,Bwawani
10975571,Sire_024,Dam_024,Bwawani
10975196,Sire_024,Dam_024,Bwawani
10974944,Sire_024,Dam_024,Bwawani
10975001,Sire_024,Dam_024,Bwawani
10975379,Sire_024,Dam_024,Bwawani
10974930,Sire_024,Dam_024,Bwawani
10975042,Sire_024,Dam_024,Bwawani
10975098,Sire_024,Dam_024,Bwawani
10974880,Sire_024,Dam_024,Bwawani
10975370,Sire_024,Dam_024,Bwawani
10975305,Sire_024,Dam_024,Bwawani
10975501,Sire_024,Dam_024,Bwawani
10975046,Sire_024,Dam_024,Bwawani
10974928,Sire_024,Dam_024,Bwawani
10974746,Sire_024,Dam_024,Bwawani
10975296,Sire_024,Dam_024,Bwawani
10975011,Sire_024,Dam_024,Bwawani
10975319,Sire_024,Dam_024,Bwawani
10975421,Sire_024,Dam_024,Bwawani
10974926,Sire_024,Dam_024,Bwawani
10975122,Sire_024,Dam_024,Bwawani
10975410,Sire_024,Dam_024,Bwawani
10974668,Sire_024,Dam_024,Bwawani
10975622,Sire_024,Dam_024,Bwawani
10974907,Sire_025,Dam_025,Bwawani
10975297,Sire_025,Dam_025,Bwawani
10975279,Sire_025,Dam_025,Bwawani
10974673,Sire_025,Dam_025,Bwawani
10975261,Sire_025,Dam_025,Bwawani
10974636,Sire_025,Dam_025,Bwawani
10974901,Sire_025,Dam_025,Bwawani
10974659,Sire_025,Dam_025,Bwawani
10975457,Sire_025,Dam_025,Bwawani
10975113,Sire_025,Dam_025,Bwawani
10974840,Sire_025,Dam_025,Bwawani
10975522,Sire_025,Dam_025,Bwawani
10975106,Sire_025,Dam_025,Bwawani
10974638,Sire_025,Dam_025,Bwawani
10975397,Sire_025,Dam_025,Bwawani
10975187,Sire_025,Dam_025,Bwawani
10974713,Sire_025,Dam_025,Bwawani
10975267,Sire_025,Dam_025,Bwawani
10975040,Sire_026,Dam_026,Bwawani
10975228,Sire_026,Dam_026,Bwawani
10975012,Sire_026,Dam_026,Bwawani
10974752,Sire_026,Dam_026,Bwawani
10975231,Sire_026,Dam_026,Bwawani
10974715,Sire_026,Dam_026,Bwawani
10975290,Sire_026,Dam_026,Bwawani
10974709,Sire_026,Dam_026,Bwawani
10974848,Sire_026,Dam_026,Bwawani
10975486,Sire_026,Dam_026,Bwawani
10975061,Sire_026,Dam_026,Bwawani
10975202,Sire_026,Dam_026,Bwawani
10975346,Sire_026,Dam_026,Bwawani
10974739,Sire_026,Dam_026,Bwawani
10975347,Sire_026,Dam_026,Bwawani
10974813,Sire_026,Dam_026,Bwawani
10975561,Sire_026,Dam_026,Bwawani
10975070,Sire_026,Dam_026,Bwawani
10975425,Sire_026,Dam_026,Bwawani
10975017,Sire_026,Dam_026,Bwawani
10975394,Sire_026,Dam_026,Bwawani
10975590,Sire_026,Dam_026,Bwawani
10975627,Sire_026,Dam_026,Bwawani
10974913,Sire_026,Dam_026,Bwawani
10975006,Sire_027,Dam_027,Bwawani
10974872,Sire_027,Dam_027,Bwawani
10975157,Sire_027,Dam_027,Bwawani
10974866,Sire_027,Dam_027,Bwawani
10975492,Sire_027,Dam_027,Bwawani
10974727,Sire_027,Dam_027,Bwawani
10974662,Sire_027,Dam_027,Bwawani
10975026,Sire_027,Dam_027,Bwawani
10975602,Sire_027,Dam_027,Bwawani
10974911,Sire_027,Dam_027,Bwawani
10974915,Sire_027,Dam_027,Bwawani
10975082,Sire_027,Dam_027,Bwawani
10975125,Sire_027,Dam_027,Bwawani
10974883,Sire_027,Dam_027,Bwawani
10975605,Sire_027,Dam_027,Bwawani
10974632,Sire_027,Dam_027,Bwawani
10975306,Sire_027,Dam_027,Bwawani
10975087,Sire_027,Dam_027,Bwawani
10974961,Sire_027,Dam_027,Bwawani
10974901,Sire_027,Dam_027,Bwawani
10975391,Sire_028,Dam_028,Kilola
10974686,Sire_028,Dam_028,Kilola
10975533,Sire_028,Dam_028,Kilola
10974791,Sire_028,Dam_028,Kilola
10975016,Sire_028,Dam_028,Kilola
10974941,Sire_028,Dam_028,Kilola
10975189,Sire_028,Dam_028,Kilola
10975004,Sire_028,Dam_028,Kilola
10974785,Sire_028,Dam_028,Kilola
10977402,Sire_028,Dam_028,Kilola
10977109,Sire_028,Dam_028,Kilola
10976392,Sire_028,Dam_028,Kilola
10977227,Sire_028,Dam_028,Kilola
10977267,Sire_028,Dam_028,Kilola
10977178,Sire_028,Dam_028,Kilola
10976651,Sire_028,Dam_028,Kilola
10977320,Sire_028,Dam_028,Kilola
10977630,Sire_029,Dam_029,Kilola
10977037,Sire_029,Dam_029,Kilola
10977628,Sire_029,Dam_029,Kilola
10977210,Sire_029,Dam_029,Kilola
10977532,Sire_029,Dam_029,Kilola
10977564,Sire_029,Dam_029,Kilola
10977508,Sire_029,Dam_029,Kilola
10976643,Sire_029,Dam_029,Kilola
10976748,Sire_029,Dam_029,Kilola
10977618,Sire_029,Dam_029,Kilola
10977561,Sire_029,Dam_029,Kilola
10977439,Sire_029,Dam_029,Kilola
10977306,Sire_029,Dam_029,Kilola
10977479,Sire_029,Dam_029,Kilola
10977466,Sire_029,Dam_029,Kilola
10976939,Sire_029,Dam_029,Kilola
10977409,Sire_029,Dam_029,Kilola
10977517,Sire_029,Dam_029,Kilola
10977126,Sire_029,Dam_029,Kilola
10977079,Sire_029,Dam_029,Kilola
10977503,Sire_029,Dam_029,Kilola
10977418,Sire_029,Dam_029,Kilola
10977468,Sire_029,Dam_029,Kilola
10977304,Sire_029,Dam_029,Kilola
10977574,Sire_029,Dam_029,Kilola
10977218,Sire_029,Dam_029,Kilola
10974879,Sire_030,Dam_030,Kilola
10977458,Sire_030,Dam_030,Kilola
10977379,Sire_030,Dam_030,Kilola
10977433,Sire_030,Dam_030,Kilola
10977471,Sire_030,Dam_030,Kilola
10976804,Sire_030,Dam_030,Kilola
10976656,Sire_030,Dam_030,Kilola
10977310,Sire_030,Dam_030,Kilola
10977376,Sire_030,Dam_030,Kilola
10976968,Sire_030,Dam_030,Kilola
10977013,Sire_030,Dam_030,Kilola
10977227,Sire_030,Dam_030,Kilola
10977026,Sire_030,Dam_030,Kilola
10976971,Sire_030,Dam_030,Kilola
10977333,Sire_030,Dam_030,Kilola
10977049,Sire_030,Dam_030,Kilola
10977489,Sire_030,Dam_030,Kilola
10976858,Sire_030,Dam_030,Kilola
10977626,Sire_030,Dam_030,Kilola
10976741,Sire_030,Dam_030,Kilola
10976647,Sire_030,Dam_030,Kilola
10977582,Sire_030,Dam_030,Kilola
10975626,Sire_030,Dam_030,Kilola
10977591,Sire_031,Dam_031,Kilola
10977051,Sire_031,Dam_031,Kilola
10976707,Sire_031,Dam_031,Kilola
10977085,Sire_031,Dam_031,Kilola
10977165,Sire_031,Dam_031,Kilola
10976969,Sire_031,Dam_031,Kilola
10977449,Sire_031,Dam_031,Kilola
10977438,Sire_031,Dam_031,Kilola
10977299,Sire_031,Dam_031,Kilola
10977273,Sire_031,Dam_031,Kilola
10977132,Sire_031,Dam_031,Kilola
10977605,Sire_031,Dam_031,Kilola
10977104,Sire_031,Dam_031,Kilola
10977212,Sire_031,Dam_031,Kilola
10977216,Sire_031,Dam_031,Kilola
10977057,Sire_031,Dam_031,Kilola
10977444,Sire_031,Dam_031,Kilola
10977034,Sire_031,Dam_031,Kilola
10977252,Sire_031,Dam_031,Kilola
10977191,Sire_031,Dam_031,Kilola
10977525,Sire_031,Dam_031,Kilola
10977609,Sire_031,Dam_031,Kilola
10976844,Sire_031,Dam_031,Kilola
10977476,Sire_031,Dam_031,Kilola
10977478,Sire_031,Dam_031,Kilola
10977255,Sire_031,Dam_031,Kilola
10977580,Sire_031,Dam_031,Kilola
10974909,Sire_032,Dam_032,Ruaha
10974722,Sire_032,Dam_032,Ruaha
10975090,Sire_032,Dam_032,Ruaha
10975277,Sire_032,Dam_032,Ruaha
10974779,Sire_032,Dam_032,Ruaha
10974773,Sire_032,Dam_032,Ruaha
10975351,Sire_032,Dam_032,Ruaha
10975318,Sire_032,Dam_032,Ruaha
10975091,Sire_032,Dam_032,Ruaha
10975227,Sire_032,Dam_032,Ruaha
10974965,Sire_032,Dam_032,Ruaha
10975128,Sire_032,Dam_032,Ruaha
10974846,Sire_032,Dam_032,Ruaha
10974801,Sire_032,Dam_032,Ruaha
10975055,Sire_032,Dam_032,Ruaha
10975057,Sire_032,Dam_032,Ruaha
10974871,Sire_032,Dam_032,Ruaha
10974869,Sire_032,Dam_032,Ruaha
10974770,Sire_032,Dam_032,Ruaha
10974734,Sire_032,Dam_032,Ruaha
10974666,Sire_032,Dam_032,Ruaha
10977059,Sire_033,Dam_033,Ruaha
10977353,Sire_033,Dam_033,Ruaha
10977483,Sire_033,Dam_033,Ruaha
10976953,Sire_033,Dam_033,Ruaha
10976962,Sire_033,Dam_033,Ruaha
10977599,Sire_033,Dam_033,Ruaha
10977247,Sire_033,Dam_033,Ruaha
10977827,Sire_033,Dam_033,Ruaha
10976675,Sire_033,Dam_033,Ruaha
10977269,Sire_033,Dam_033,Ruaha
10977604,Sire_033,Dam_033,Ruaha
10977550,Sire_033,Dam_033,Ruaha
10976764,Sire_033,Dam_033,Ruaha
10977408,Sire_033,Dam_033,Ruaha
10977339,Sire_033,Dam_033,Ruaha
10977092,Sire_033,Dam_033,Ruaha
10977159,Sire_033,Dam_033,Ruaha
10977554,Sire_033,Dam_033,Ruaha
10977381,Sire_033,Dam_033,Ruaha
10976793,Sire_033,Dam_033,Ruaha
10976663,Sire_033,Dam_033,Ruaha
10977275,Sire_034,Dam_034,Ruaha
10977559,Sire_034,Dam_034,Ruaha
10977513,Sire_034,Dam_034,Ruaha
10977390,Sire_034,Dam_034,Ruaha
10977523,Sire_034,Dam_034,Ruaha
10977491,Sire_034,Dam_034,Ruaha
10977149,Sire_034,Dam_034,Ruaha
10977045,Sire_034,Dam_034,Ruaha
10977228,Sire_034,Dam_034,Ruaha
10977036,Sire_034,Dam_034,Ruaha
10976931,Sire_034,Dam_034,Ruaha
10977431,Sire_034,Dam_034,Ruaha
10976864,Sire_034,Dam_034,Ruaha
10976799,Sire_034,Dam_034,Ruaha
10977570,Sire_034,Dam_034,Ruaha
10976720,Sire_035,Dam_035,Ruaha
10977364,Sire_035,Dam_035,Ruaha
10977585,Sire_035,Dam_035,Ruaha
10977447,Sire_035,Dam_035,Ruaha
10977010,Sire_035,Dam_035,Ruaha
10977405,Sire_035,Dam_035,Ruaha
10976709,Sire_035,Dam_035,Ruaha
10976646,Sire_035,Dam_035,Ruaha
10977623,Sire_035,Dam_035,Ruaha
10977076,Sire_035,Dam_035,Ruaha
10977530,Sire_035,Dam_035,Ruaha
10977563,Sire_035,Dam_035,Ruaha
10977199,Sire_035,Dam_035,Ruaha
10977429,Sire_035,Dam_035,Ruaha
10976691,Sire_035,Dam_035,Ruaha
10977061,Sire_035,Dam_035,Ruaha
10977176,Sire_035,Dam_035,Ruaha
10977312,Sire_035,Dam_035,Ruaha
10976156,Sire_01,Dam_01,Wami
10975688,Sire_01,Dam_01,Wami
10975938,Sire_01,Dam_01,Wami
10975877,Sire_01,Dam_01,Wami
10975925,Sire_01,Dam_01,Wami
10976549,Sire_01,Dam_01,Wami
10976539,Sire_01,Dam_01,Wami
10975850,Sire_01,Dam_01,Wami
10976364,Sire_01,Dam_01,Wami
10976118,Sire_01,Dam_01,Wami
10977543,Sire_01,Dam_01,Wami
10976380,Sire_01,Dam_01,Wami
10976176,Sire_01,Dam_01,Wami
10979001,Sire_01,Dam_01,Wami
10976147,Sire_01,Dam_01,Wami
10976209,Sire_01,Dam_01,Wami
10975801,Sire_01,Dam_01,Wami
10976276,Sire_01,Dam_01,Wami
10975870,Sire_01,Dam_01,Wami
10976355,Sire_01,Dam_01,Wami
10976466,Sire_01,Dam_01,Wami
10976171,Sire_01,Dam_01,Wami
10976560,Sire_01,Dam_01,Wami
10976542,Sire_01,Dam_01,Wami
10975989,Sire_01,Dam_01,Wami
10975922,Sire_01,Dam_01,Wami
10975891,Sire_01,Dam_01,Wami
10976199,Sire_01,Dam_01,Wami
10975720,Sire_02,Dam_02,Wami
10976369,Sire_02,Dam_02,Wami
10975899,Sire_02,Dam_02,Wami
10976438,Sire_02,Dam_02,Wami
10975647,Sire_02,Dam_02,Wami
10976062,Sire_02,Dam_02,Wami
10976210,Sire_02,Dam_02,Wami
10976502,Sire_02,Dam_02,Wami
10975716,Sire_02,Dam_02,Wami
10976077,Sire_02,Dam_02,Wami
10975646,Sire_02,Dam_02,Wami
10976152,Sire_02,Dam_02,Wami
10975872,Sire_02,Dam_02,Wami
10976282,Sire_02,Dam_02,Wami
10975708,Sire_02,Dam_02,Wami
10976299,Sire_02,Dam_02,Wami
10975985,Sire_02,Dam_02,Wami
10976011,Sire_02,Dam_02,Wami
10976254,Sire_02,Dam_02,Wami
10976233,Sire_02,Dam_02,Wami
10976536,Sire_02,Dam_02,Wami
10975929,Sire_02,Dam_02,Wami
10976240,Sire_02,Dam_02,Wami
10976493,Sire_02,Dam_02,Wami
10976290,Sire_02,Dam_02,Wami
10975751,Sire_02,Dam_02,Wami
10976386,Sire_02,Dam_02,Wami
10976238,Sire_02,Dam_02,Wami
10976568,Sire_03,Dam_03,Wami
10976077,Sire_03,Dam_03,Wami
10976204,Sire_03,Dam_03,Wami
10976076,Sire_03,Dam_03,Wami
10975918,Sire_03,Dam_03,Wami
10975993,Sire_03,Dam_03,Wami
10976417,Sire_03,Dam_03,Wami
10975694,Sire_03,Dam_03,Wami
10976055,Sire_03,Dam_03,Wami
10976494,Sire_03,Dam_03,Wami
10976031,Sire_03,Dam_03,Wami
10975841,Sire_03,Dam_03,Wami
10976454,Sire_03,Dam_03,Wami
10976216,Sire_03,Dam_03,Wami
10976112,Sire_03,Dam_03,Wami
10976540,Sire_03,Dam_03,Wami
10976022,Sire_03,Dam_03,Wami
10976487,Sire_03,Dam_03,Wami
10976397,Sire_03,Dam_03,Wami
10976471,Sire_03,Dam_03,Wami
10975739,Sire_03,Dam_03,Wami
10975725,Sire_03,Dam_03,Wami
10976247,Sire_03,Dam_03,Wami
10975759,Sire_04,Dam_04,Wami
10976429,Sire_04,Dam_04,Wami
10976428,Sire_04,Dam_04,Wami
10975895,Sire_04,Dam_04,Wami
10976414,Sire_04,Dam_04,Wami
10976129,Sire_04,Dam_04,Wami
10976559,Sire_04,Dam_04,Wami
10975798,Sire_04,Dam_04,Wami
10975995,Sire_04,Dam_04,Wami
10975930,Sire_04,Dam_04,Wami
10976599,Sire_04,Dam_04,Wami
10975988,Sire_04,Dam_04,Wami
10975649,Sire_04,Dam_04,Wami
10976464,Sire_04,Dam_04,Wami
10975951,Sire_04,Dam_04,Wami
10975747,Sire_04,Dam_04,Wami
10976511,Sire_04,Dam_04,Wami
10976113,Sire_04,Dam_04,Wami
10976182,Sire_04,Dam_04,Wami
10976242,Sire_04,Dam_04,Wami
10976119,Sire_04,Dam_04,Wami
10975821,Sire_04,Dam_04,Wami
10975979,Sire_04,Dam_04,Wami
10976499,Sire_04,Dam_04,Wami
10977895,Sire_05,Dam_05,Chemchem
10975170,Sire_05,Dam_05,Chemchem
10977921,Sire_05,Dam_05,Chemchem
10978037,Sire_05,Dam_05,Chemchem
10978323,Sire_05,Dam_05,Chemchem
10978513,Sire_05,Dam_05,Chemchem
10978610,Sire_05,Dam_05,Chemchem
10978112,Sire_05,Dam_05,Chemchem
10978483,Sire_05,Dam_05,Chemchem
10977325,Sire_05,Dam_05,Chemchem
10978871,Sire_05,Dam_05,Chemchem
10977958,Sire_06,Dam_06,Chemchem
10978239,Sire_06,Dam_06,Chemchem
10978074,Sire_06,Dam_06,Chemchem
10978386,Sire_06,Dam_06,Chemchem
10978012,Sire_06,Dam_06,Chemchem
10978011,Sire_06,Dam_06,Chemchem
10977666,Sire_06,Dam_06,Chemchem
10978537,Sire_06,Dam_06,Chemchem
10978535,Sire_06,Dam_06,Chemchem
10978274,Sire_06,Dam_06,Chemchem
10978342,Sire_06,Dam_06,Chemchem
10978360,Sire_06,Dam_06,Chemchem
10977671,Sire_06,Dam_06,Chemchem
10978115,Sire_06,Dam_06,Chemchem
10978199,Sire_06,Dam_06,Chemchem
10978245,Sire_06,Dam_06,Chemchem
10988600,Sire_06,Dam_06,Chemchem
10977925,Sire_06,Dam_06,Chemchem
10978341,Sire_06,Dam_06,Chemchem
10977907,Sire_06,Dam_06,Chemchem
10978333,Sire_06,Dam_06,Chemchem
10977898,Sire_06,Dam_06,Chemchem
10978602,Sire_06,Dam_06,Chemchem
10977730,Sire_06,Dam_06,Chemchem
10977719,Sire_06,Dam_06,Chemchem
10978428,Sire_06,Dam_06,Chemchem
10977718,Sire_06,Dam_06,Chemchem
10977709,Sire_06,Dam_06,Chemchem
10977978,Sire_06,Dam_06,Chemchem
10977681,Sire_06,Dam_06,Chemchem
10977696,Sire_07,Dam_07,Chemchem
10978212,Sire_07,Dam_07,Chemchem
10977640,Sire_07,Dam_07,Chemchem
10978087,Sire_07,Dam_07,Chemchem
10978225,Sire_07,Dam_07,Chemchem
10978620,Sire_07,Dam_07,Chemchem
10977722,Sire_07,Dam_07,Chemchem
10977775,Sire_07,Dam_07,Chemchem
10977779,Sire_07,Dam_07,Chemchem
10978457,Sire_07,Dam_07,Chemchem
10978487,Sire_07,Dam_07,Chemchem
10978540,Sire_07,Dam_07,Chemchem
10977631,Sire_07,Dam_07,Chemchem
10977688,Sire_07,Dam_07,Chemchem
10978008,Sire_07,Dam_07,Chemchem
10978525,Sire_07,Dam_07,Chemchem
10977649,Sire_07,Dam_07,Chemchem
10977724,Sire_07,Dam_07,Chemchem
10978272,Sire_07,Dam_07,Chemchem
10977972,Sire_07,Dam_07,Chemchem
10978287,Sire_07,Dam_07,Chemchem
10978583,Sire_07,Dam_07,Chemchem
10978516,Sire_07,Dam_07,Chemchem
10978290,Sire_07,Dam_07,Chemchem
10978581,Sire_07,Dam_07,Chemchem
10978055,Sire_07,Dam_07,Chemchem
10977930,Sire_07,Dam_07,Chemchem
10977641,Sire_07,Dam_07,Chemchem
10978025,Sire_07,Dam_07,Chemchem
10978101,Sire_07,Dam_07,Chemchem
10978337,Sire_08,Dam_08,Chemchem
10978263,Sire_08,Dam_08,Chemchem
10978121,Sire_08,Dam_08,Chemchem
10978528,Sire_08,Dam_08,Chemchem
10978473,Sire_08,Dam_08,Chemchem
10977715,Sire_08,Dam_08,Chemchem
10978465,Sire_08,Dam_08,Chemchem
10978496,Sire_08,Dam_08,Chemchem
10977994,Sire_08,Dam_08,Chemchem
10977961,Sire_08,Dam_08,Chemchem
10977982,Sire_08,Dam_08,Chemchem
10978570,Sire_08,Dam_08,Chemchem
10977685,Sire_08,Dam_08,Chemchem
10977997,Sire_08,Dam_08,Chemchem
10977853,Sire_08,Dam_08,Chemchem
10978193,Sire_08,Dam_08,Chemchem
10978310,Sire_08,Dam_08,Chemchem
10978182,Sire_08,Dam_08,Chemchem
10978328,Sire_08,Dam_08,Chemchem
10977644,Sire_08,Dam_08,Chemchem
10977820,Sire_08,Dam_08,Chemchem
10978257,Sire_08,Dam_08,Chemchem
10978469,Sire_08,Dam_08,Chemchem
10978256,Sire_08,Dam_08,Chemchem
10978334,Sire_08,Dam_08,Chemchem
10977977,Sire_08,Dam_08,Chemchem
10978456,Sire_08,Dam_08,Chemchem
10978059,Sire_08,Dam_08,Chemchem
10978035,Sire_08,Dam_08,Chemchem
10977881,Sire_08,Dam_08,Chemchem
10976108,Sire_09,Dam_09,Mindu
10976388,Sire_09,Dam_09,Mindu
10976398,Sire_09,Dam_09,Mindu
10975816,Sire_09,Dam_09,Mindu
10976157,Sire_09,Dam_09,Mindu
10975960,Sire_09,Dam_09,Mindu
10976138,Sire_09,Dam_09,Mindu
10976550,Sire_09,Dam_09,Mindu
10976416,Sire_09,Dam_09,Mindu
10976340,Sire_09,Dam_09,Mindu
10976372,Sire_09,Dam_09,Mindu
10976051,Sire_09,Dam_09,Mindu
10975685,Sire_09,Dam_09,Mindu
10976012,Sire_09,Dam_09,Mindu
10976106,Sire_09,Dam_09,Mindu
10976146,Sire_09,Dam_09,Mindu
10976024,Sire_09,Dam_09,Mindu
10976079,Sire_09,Dam_09,Mindu
10976078,Sire_09,Dam_09,Mindu
10976295,Sire_09,Dam_09,Mindu
10975699,Sire_09,Dam_09,Mindu
10976270,Sire_09,Dam_09,Mindu
10975888,Sire_09,Dam_09,Mindu
10976127,Sire_09,Dam_09,Mindu
10976342,Sire_09,Dam_09,Mindu
10976387,Sire_09,Dam_09,Mindu
10975916,Sire_09,Dam_09,Mindu
10975639,Sire_09,Dam_09,Mindu
10975637,Sire_09,Dam_09,Mindu
10975904,Sire_010,Dam_010,Mindu
10975966,Sire_010,Dam_010,Mindu
10975889,Sire_010,Dam_010,Mindu
10976522,Sire_010,Dam_010,Mindu
10976132,Sire_010,Dam_010,Mindu
10975890,Sire_010,Dam_010,Mindu
10975825,Sire_010,Dam_010,Mindu
10975834,Sire_010,Dam_010,Mindu
10976524,Sire_010,Dam_010,Mindu
10976121,Sire_010,Dam_010,Mindu
10975856,Sire_010,Dam_010,Mindu
10976362,Sire_010,Dam_010,Mindu
10976411,Sire_010,Dam_010,Mindu
10976030,Sire_010,Dam_010,Mindu
10975972,Sire_010,Dam_010,Mindu
10976177,Sire_010,Dam_010,Mindu
10976336,Sire_010,Dam_010,Mindu
10976443,Sire_010,Dam_010,Mindu
10975838,Sire_010,Dam_010,Mindu
10976527,Sire_010,Dam_010,Mindu
10976455,Sire_010,Dam_010,Mindu
10976584,Sire_010,Dam_010,Mindu
10975652,Sire_010,Dam_010,Mindu
10976406,Sire_010,Dam_010,Mindu
10976567,Sire_010,Dam_010,Mindu
10976538,Sire_010,Dam_010,Mindu
10976622,Sire_010,Dam_010,Mindu
10976038,Sire_010,Dam_010,Mindu
10976255,Sire_010,Dam_010,Mindu
10976345,Sire_010,Dam_010,Mindu
10976352,Sire_011,Dam_011,Mindu
10976270,Sire_011,Dam_011,Mindu
10976014,Sire_011,Dam_011,Mindu
10976506,Sire_011,Dam_011,Mindu
10976158,Sire_011,Dam_011,Mindu
10976611,Sire_011,Dam_011,Mindu
10975949,Sire_011,Dam_011,Mindu
10976222,Sire_011,Dam_011,Mindu
10975707,Sire_011,Dam_011,Mindu
10975833,Sire_011,Dam_011,Mindu
10976039,Sire_011,Dam_011,Mindu
10976601,Sire_011,Dam_011,Mindu
10976469,Sire_011,Dam_011,Mindu
10976347,Sire_011,Dam_011,Mindu
10975915,Sire_011,Dam_011,Mindu
10976425,Sire_011,Dam_011,Mindu
10975982,Sire_011,Dam_011,Mindu
10976418,Sire_011,Dam_011,Mindu
10975757,Sire_011,Dam_011,Mindu
10976261,Sire_011,Dam_011,Mindu
10976485,Sire_011,Dam_011,Mindu
10975654,Sire_011,Dam_011,Mindu
10975641,Sire_011,Dam_011,Mindu
10976281,Sire_011,Dam_011,Mindu
10976131,Sire_011,Dam_011,Mindu
10976144,Sire_011,Dam_011,Mindu
10975897,Sire_011,Dam_011,Mindu
10976268,Sire_011,Dam_011,Mindu
10976280,Sire_011,Dam_011,Mindu
10975880,Sire_012,Dam_012,Mindu
10975695,Sire_012,Dam_012,Mindu
10976439,Sire_012,Dam_012,Mindu
10976595,Sire_012,Dam_012,Mindu
10975811,Sire_012,Dam_012,Mindu
10976213,Sire_012,Dam_012,Mindu
10975669,Sire_012,Dam_012,Mindu
10976609,Sire_012,Dam_012,Mindu
10975927,Sire_012,Dam_012,Mindu
10976308,Sire_012,Dam_012,Mindu
10976201,Sire_012,Dam_012,Mindu
10975868,Sire_012,Dam_012,Mindu
10975957,Sire_012,Dam_012,Mindu
10976107,Sire_012,Dam_012,Mindu
10975333,Sire_012,Dam_012,Mindu
10976377,Sire_012,Dam_012,Mindu
10976492,Sire_012,Dam_012,Mindu
10975804,Sire_012,Dam_012,Mindu
10976021,Sire_012,Dam_012,Mindu
10975819,Sire_012,Dam_012,Mindu
10975656,Sire_012,Dam_012,Mindu
10975947,Sire_012,Dam_012,Mindu
10976318,Sire_012,Dam_012,Mindu
10976339,Sire_013,Dam_036,Utete
10976498,Sire_013,Dam_036,Utete
10976619,Sire_013,Dam_036,Utete
10976627,Sire_013,Dam_036,Utete
10976267,Sire_013,Dam_036,Utete
10976581,Sire_013,Dam_036,Utete
10976183,Sire_013,Dam_036,Utete
10976446,Sire_013,Dam_036,Utete
10976530,Sire_013,Dam_036,Utete
10975682,Sire_013,Dam_036,Utete
10976368,Sire_013,Dam_036,Utete
10976208,Sire_013,Dam_036,Utete
10976151,Sire_013,Dam_036,Utete
10975722,Sire_013,Dam_036,Utete
10976163,Sire_013,Dam_036,Utete
10976045,Sire_013,Dam_036,Utete
10976535,Sire_013,Dam_036,Utete
10976444,Sire_013,Dam_036,Utete
10975723,Sire_013,Dam_036,Utete
10976223,Sire_013,Dam_036,Utete
10976128,Sire_014,Dam_014,Utete
10976385,Sire_014,Dam_014,Utete
10975914,Sire_014,Dam_014,Utete
10976587,Sire_014,Dam_014,Utete
10975950,Sire_014,Dam_014,Utete
10976271,Sire_014,Dam_014,Utete
10976544,Sire_014,Dam_014,Utete
10976275,Sire_014,Dam_014,Utete
10975944,Sire_014,Dam_014,Utete
10975980,Sire_014,Dam_014,Utete
10975875,Sire_014,Dam_014,Utete
10975883,Sire_014,Dam_014,Utete
10975729,Sire_014,Dam_014,Utete
10976507,Sire_014,Dam_014,Utete
10976590,Sire_014,Dam_014,Utete
10975948,Sire_014,Dam_014,Utete
10976473,Sire_014,Dam_014,Utete
10976558,Sire_014,Dam_014,Utete
10975768,Sire_014,Dam_014,Utete
10976291,Sire_014,Dam_014,Utete
10976629,Sire_014,Dam_014,Utete
10976285,Sire_014,Dam_014,Utete
10975761,Sire_014,Dam_014,Utete
10975023,Sire_014,Dam_014,Utete
10976064,Sire_014,Dam_014,Utete
10975820,Sire_014,Dam_014,Utete
10976564,Sire_014,Dam_014,Utete
10976228,Sire_014,Dam_014,Utete
10976467,Sire_014,Dam_014,Utete
10976441,Sire_014,Dam_014,Utete
10975633,Sire_015,Dam_015,Utete
10976565,Sire_015,Dam_015,Utete
10976080,Sire_015,Dam_015,Utete
10976205,Sire_015,Dam_015,Utete
10976593,Sire_015,Dam_015,Utete
10975812,Sire_015,Dam_015,Utete
10975679,Sire_015,Dam_015,Utete
10975673,Sire_015,Dam_015,Utete
10976468,Sire_015,Dam_015,Utete
10976191,Sire_015,Dam_015,Utete
10976100,Sire_015,Dam_015,Utete
10976323,Sire_015,Dam_015,Utete
10976450,Sire_015,Dam_015,Utete
10975794,Sire_015,Dam_015,Utete
10976341,Sire_015,Dam_015,Utete
10975964,Sire_015,Dam_015,Utete
10975844,Sire_015,Dam_015,Utete
10975854,Sire_015,Dam_015,Utete
10976185,Sire_015,Dam_015,Utete
10976600,Sire_015,Dam_015,Utete
10976244,Sire_015,Dam_015,Utete
10976135,Sire_015,Dam_015,Utete
10976598,Sire_015,Dam_015,Utete
10976508,Sire_015,Dam_015,Utete
10976256,Sire_015,Dam_015,Utete
10976449,Sire_015,Dam_015,Utete
10975902,Sire_015,Dam_015,Utete
10976555,Sire_015,Dam_015,Utete
10976383,Sire_015,Dam_015,Utete
10975796,Sire_015,Dam_015,Utete
10976431,Sire_016,Dam_016,Utete
10975823,Sire_016,Dam_016,Utete
10976110,Sire_016,Dam_016,Utete
10975714,Sire_016,Dam_016,Utete
10975793,Sire_016,Dam_016,Utete
10976319,Sire_016,Dam_016,Utete
10975799,Sire_016,Dam_016,Utete
10976217,Sire_016,Dam_016,Utete
10976548,Sire_016,Dam_016,Utete
10975698,Sire_016,Dam_016,Utete
10976445,Sire_016,Dam_016,Utete
10976161,Sire_016,Dam_016,Utete
10976317,Sire_016,Dam_016,Utete
10976424,Sire_016,Dam_016,Utete
10976036,Sire_016,Dam_016,Utete
10975653,Sire_016,Dam_016,Utete
10975892,Sire_016,Dam_016,Utete
10975724,Sire_016,Dam_016,Utete
10975978,Sire_016,Dam_016,Utete
10975963,Sire_016,Dam_016,Utete
10976579,Sire_016,Dam_016,Utete
10975769,Sire_016,Dam_016,Utete
10976363,Sire_016,Dam_016,Utete
10975740,Sire_016,Dam_016,Utete
10976075,Sire_016,Dam_016,Utete
10976150,Sire_017,Dam_017,Kibasira
10975781,Sire_017,Dam_017,Kibasira
10975981,Sire_017,Dam_017,Kibasira
10975879,Sire_017,Dam_017,Kibasira
10975900,Sire_017,Dam_017,Kibasira
10976596,Sire_017,Dam_017,Kibasira
10975855,Sire_017,Dam_017,Kibasira
10976298,Sire_017,Dam_017,Kibasira
10975941,Sire_017,Dam_017,Kibasira
10976102,Sire_017,Dam_017,Kibasira
10976186,Sire_018,Dam_018,Kibasira
10976312,Sire_018,Dam_018,Kibasira
10976379,Sire_018,Dam_018,Kibasira
10976033,Sire_018,Dam_018,Kibasira
10976384,Sire_018,Dam_018,Kibasira
10976304,Sire_018,Dam_018,Kibasira
10976582,Sire_018,Dam_018,Kibasira
10976288,Sire_018,Dam_018,Kibasira
10976373,Sire_018,Dam_018,Kibasira
10976381,Sire_018,Dam_018,Kibasira
10976349,Sire_018,Dam_018,Kibasira
10976472,Sire_018,Dam_018,Kibasira
10975919,Sire_018,Dam_018,Kibasira
10975861,Sire_019,Dam_019,Kibasira
10976366,Sire_019,Dam_019,Kibasira
10975742,Sire_019,Dam_019,Kibasira
10976470,Sire_019,Dam_019,Kibasira
10975664,Sire_019,Dam_019,Kibasira
10975358,Sire_019,Dam_019,Kibasira
10976337,Sire_019,Dam_019,Kibasira
10976356,Sire_019,Dam_019,Kibasira
10976515,Sire_019,Dam_019,Kibasira
10976194,Sire_019,Dam_019,Kibasira
10976655,Sire_019,Dam_019,Kibasira
10976084,Sire_019,Dam_019,Kibasira
10976302,Sire_019,Dam_019,Kibasira
10975310,Sire_019,Dam_019,Kibasira
10975795,Sire_019,Dam_019,Kibasira
10975882,Sire_019,Dam_019,Kibasira
10976297,Sire_019,Dam_019,Kibasira
10976034,Sire_019,Dam_019,Kibasira
10976310,Sire_019,Dam_019,Kibasira
10975896,Sire_019,Dam_019,Kibasira
10976423,Sire_019,Dam_019,Kibasira
10976172,Sire_019,Dam_019,Kibasira
10975676,Sire_019,Dam_019,Kibasira
10976562,Sire_019,Dam_019,Kibasira
10976052,Sire_019,Dam_019,Kibasira
10976419,Sire_019,Dam_019,Kibasira
10975954,Sire_019,Dam_019,Kibasira
10976162,Sire_019,Dam_019,Kibasira
10976105,Sire_019,Dam_019,Kibasira
10975687,Sire_019,Dam_019,Kibasira
10976407,Sire_020,Dam_020,Nyamisati
10976331,Sire_020,Dam_020,Nyamisati
10976330,Sire_020,Dam_020,Nyamisati
10976624,Sire_020,Dam_020,Nyamisati
10975643,Sire_020,Dam_020,Nyamisati
10976321,Sire_020,Dam_020,Nyamisati
10976111,Sire_020,Dam_020,Nyamisati
10975790,Sire_020,Dam_020,Nyamisati
10975755,Sire_020,Dam_020,Nyamisati
10975733,Sire_020,Dam_020,Nyamisati
10976402,Sire_020,Dam_020,Nyamisati
10977528,Sire_020,Dam_020,Nyamisati
10976286,Sire_020,Dam_020,Nyamisati
10976570,Sire_020,Dam_020,Nyamisati
10975667,Sire_020,Dam_020,Nyamisati
10976008,Sire_020,Dam_020,Nyamisati
10975756,Sire_020,Dam_020,Nyamisati
10976041,Sire_020,Dam_020,Nyamisati
10976024,Sire_020,Dam_020,Nyamisati
10975727,Sire_020,Dam_020,Nyamisati
10976516,Sire_020,Dam_020,Nyamisati
10976483,Sire_020,Dam_020,Nyamisati
10975773,Sire_020,Dam_020,Nyamisati
10975744,Sire_020,Dam_020,Nyamisati
10975745,Sire_020,Dam_020,Nyamisati
10976253,Sire_020,Dam_020,Nyamisati
10976343,Sire_020,Dam_020,Nyamisati
10976486,Sire_020,Dam_020,Nyamisati
10975784,Sire_020,Dam_020,Nyamisati
10975901,Sire_020,Dam_020,Nyamisati
10975836,Sire_021,Dam_021,Nyamisati
10975636,Sire_021,Dam_021,Nyamisati
10975635,Sire_021,Dam_021,Nyamisati
10976294,Sire_021,Dam_021,Nyamisati
10975827,Sire_021,Dam_021,Nyamisati
10976184,Sire_021,Dam_021,Nyamisati
10976462,Sire_021,Dam_021,Nyamisati
10976303,Sire_021,Dam_021,Nyamisati
10976198,Sire_021,Dam_021,Nyamisati
10976615,Sire_021,Dam_021,Nyamisati
10976474,Sire_021,Dam_021,Nyamisati
10976168,Sire_021,Dam_021,Nyamisati
10976130,Sire_021,Dam_021,Nyamisati
10976344,Sire_021,Dam_021,Nyamisati
10976049,Sire_021,Dam_021,Nyamisati
10976300,Sire_021,Dam_021,Nyamisati
10976230,Sire_021,Dam_021,Nyamisati
10975842,Sire_021,Dam_021,Nyamisati
10976190,Sire_021,Dam_021,Nyamisati
10976065,Sire_021,Dam_021,Nyamisati
10975873,Sire_021,Dam_021,Nyamisati
10976501,Sire_021,Dam_021,Nyamisati
10976197,Sire_021,Dam_021,Nyamisati
10975946,Sire_021,Dam_021,Nyamisati
10976091,Sire_021,Dam_021,Nyamisati
10976324,Sire_021,Dam_021,Nyamisati
10976109,Sire_021,Dam_021,Nyamisati
10976221,Sire_021,Dam_021,Nyamisati
10975802,Sire_021,Dam_021,Nyamisati
10976279,Sire_021,Dam_021,Nyamisati
10975903,Sire_022,Dam_022,Nyamisati
10976140,Sire_022,Dam_022,Nyamisati
10976149,Sire_022,Dam_022,Nyamisati
10976512,Sire_022,Dam_022,Nyamisati
10976521,Sire_022,Dam_022,Nyamisati
10975786,Sire_022,Dam_022,Nyamisati
10976805,Sire_022,Dam_022,Nyamisati
10976626,Sire_022,Dam_022,Nyamisati
10976605,Sire_022,Dam_022,Nyamisati
10976070,Sire_022,Dam_022,Nyamisati
10976101,Sire_022,Dam_022,Nyamisati
10975967,Sire_022,Dam_022,Nyamisati
10975824,Sire_022,Dam_022,Nyamisati
10976166,Sire_022,Dam_022,Nyamisati
10976401,Sire_022,Dam_022,Nyamisati
10975913,Sire_022,Dam_022,Nyamisati
10975813,Sire_022,Dam_022,Nyamisati
10976430,Sire_022,Dam_022,Nyamisati
10975876,Sire_022,Dam_022,Nyamisati
10976017,Sire_022,Dam_022,Nyamisati
10976348,Sire_022,Dam_022,Nyamisati
10976531,Sire_022,Dam_022,Nyamisati
10976004,Sire_022,Dam_022,Nyamisati
10976612,Sire_022,Dam_022,Nyamisati
10976426,Sire_022,Dam_022,Nyamisati
10975746,Sire_022,Dam_022,Nyamisati
10975690,Sire_022,Dam_022,Nyamisati
10975749,Sire_022,Dam_022,Nyamisati
10975671,Sire_022,Dam_022,Nyamisati
10976435,Sire_023,Dam_023,Nyamisati
10975666,Sire_023,Dam_023,Nyamisati
10976122,Sire_023,Dam_023,Nyamisati
10975845,Sire_023,Dam_023,Nyamisati
10976236,Sire_023,Dam_023,Nyamisati
10976040,Sire_023,Dam_023,Nyamisati
10976571,Sire_023,Dam_023,Nyamisati
10976552,Sire_023,Dam_023,Nyamisati
10975858,Sire_023,Dam_023,Nyamisati
10975692,Sire_023,Dam_023,Nyamisati
10975642,Sire_023,Dam_023,Nyamisati
10975797,Sire_023,Dam_023,Nyamisati
10975668,Sire_023,Dam_023,Nyamisati
10976054,Sire_023,Dam_023,Nyamisati
10976520,Sire_023,Dam_023,Nyamisati
10976134,Sire_023,Dam_023,Nyamisati
10976002,Sire_023,Dam_023,Nyamisati
10975663,Sire_023,Dam_023,Nyamisati
10975917,Sire_023,Dam_023,Nyamisati
10975648,Sire_023,Dam_023,Nyamisati
10975782,Sire_023,Dam_023,Nyamisati
10976263,Sire_023,Dam_023,Nyamisati
10976326,Sire_023,Dam_023,Nyamisati
10976488,Sire_023,Dam_023,Nyamisati
10976427,Sire_023,Dam_023,Nyamisati
10976360,Sire_023,Dam_023,Nyamisati
10976001,Sire_023,Dam_023,Nyamisati
10975920,Sire_023,Dam_023,Nyamisati
10975936,Sire_023,Dam_023,Nyamisati
10976476,Sire_023,Dam_023,Nyamisati
10975658,Sire_024,Dam_024,Bwawani
10976058,Sire_024,Dam_024,Bwawani
10976597,Sire_024,Dam_024,Bwawani
10976433,Sire_024,Dam_024,Bwawani
10975760,Sire_024,Dam_024,Bwawani
10976320,Sire_024,Dam_024,Bwawani
10976050,Sire_024,Dam_024,Bwawani
10976087,Sire_024,Dam_024,Bwawani
10976422,Sire_024,Dam_024,Bwawani
10975924,Sire_024,Dam_024,Bwawani
10976573,Sire_024,Dam_024,Bwawani
10976505,Sire_024,Dam_024,Bwawani
10975778,Sire_024,Dam_024,Bwawani
10975997,Sire_024,Dam_024,Bwawani
10975818,Sire_024,Dam_024,Bwawani
10976432,Sire_024,Dam_024,Bwawani
10976289,Sire_024,Dam_024,Bwawani
10976370,Sire_024,Dam_024,Bwawani
10975700,Sire_024,Dam_024,Bwawani
10976420,Sire_024,Dam_024,Bwawani
10976010,Sire_024,Dam_024,Bwawani
10975905,Sire_024,Dam_024,Bwawani
10976016,Sire_024,Dam_024,Bwawani
10976103,Sire_024,Dam_024,Bwawani
10976090,Sire_024,Dam_024,Bwawani
10976241,Sire_024,Dam_024,Bwawani
10975754,Sire_024,Dam_024,Bwawani
10976211,Sire_024,Dam_024,Bwawani
10976219,Sire_024,Dam_024,Bwawani
10976232,Sire_024,Dam_024,Bwawani
10976214,Sire_025,Dam_025,Bwawani
10976514,Sire_025,Dam_025,Bwawani
10975806,Sire_025,Dam_025,Bwawani
10976284,Sire_025,Dam_025,Bwawani
10976215,Sire_025,Dam_025,Bwawani
10976243,Sire_025,Dam_025,Bwawani
10976009,Sire_025,Dam_025,Bwawani
10976315,Sire_025,Dam_025,Bwawani
10976082,Sire_025,Dam_025,Bwawani
10975867,Sire_025,Dam_025,Bwawani
10975777,Sire_025,Dam_025,Bwawani
10975808,Sire_025,Dam_025,Bwawani
10976003,Sire_025,Dam_025,Bwawani
10976403,Sire_025,Dam_025,Bwawani
10976066,Sire_025,Dam_025,Bwawani
10976218,Sire_025,Dam_025,Bwawani
10975748,Sire_025,Dam_025,Bwawani
10976313,Sire_025,Dam_025,Bwawani
10976396,Sire_025,Dam_025,Bwawani
10975971,Sire_025,Dam_025,Bwawani
10976296,Sire_025,Dam_025,Bwawani
10976620,Sire_025,Dam_025,Bwawani
10975661,Sire_025,Dam_025,Bwawani
10975853,Sire_025,Dam_025,Bwawani
10976139,Sire_025,Dam_025,Bwawani
10975771,Sire_025,Dam_025,Bwawani
10975678,Sire_025,Dam_025,Bwawani
10976547,Sire_025,Dam_025,Bwawani
10975839,Sire_025,Dam_025,Bwawani
10976155,Sire_025,Dam_025,Bwawani
10978362,Sire_026,Dam_026,Bwawani
10978286,Sire_026,Dam_026,Bwawani
10978211,Sire_026,Dam_026,Bwawani
10978380,Sire_026,Dam_026,Bwawani
10977728,Sire_026,Dam_026,Bwawani
10977970,Sire_026,Dam_026,Bwawani
10978243,Sire_026,Dam_026,Bwawani
10978007,Sire_026,Dam_026,Bwawani
10978258,Sire_026,Dam_026,Bwawani
10978484,Sire_026,Dam_026,Bwawani
10978248,Sire_026,Dam_026,Bwawani
10978604,Sire_026,Dam_026,Bwawani
10978031,Sire_026,Dam_026,Bwawani
10977989,Sire_026,Dam_026,Bwawani
10977819,Sire_026,Dam_026,Bwawani
10978051,Sire_026,Dam_026,Bwawani
10977810,Sire_026,Dam_026,Bwawani
10977721,Sire_027,Dam_027,Bwawani
10978233,Sire_027,Dam_027,Bwawani
10977854,Sire_027,Dam_027,Bwawani
10978499,Sire_027,Dam_027,Bwawani
10978268,Sire_027,Dam_027,Bwawani
10977883,Sire_027,Dam_027,Bwawani
10978164,Sire_027,Dam_027,Bwawani
10978262,Sire_027,Dam_027,Bwawani
10977949,Sire_027,Dam_027,Bwawani
10977902,Sire_027,Dam_027,Bwawani
10978196,Sire_027,Dam_027,Bwawani
10978096,Sire_027,Dam_027,Bwawani
10978228,Sire_027,Dam_027,Bwawani
10978179,Sire_027,Dam_027,Bwawani
10977832,Sire_027,Dam_027,Bwawani
10977864,Sire_027,Dam_027,Bwawani
10977893,Sire_027,Dam_027,Bwawani
10977745,Sire_027,Dam_027,Bwawani
10977903,Sire_027,Dam_027,Bwawani
10977899,Sire_027,Dam_027,Bwawani
10978477,Sire_027,Dam_027,Bwawani
10978412,Sire_027,Dam_027,Bwawani
10977789,Sire_027,Dam_027,Bwawani
10978132,Sire_027,Dam_027,Bwawani
10978238,Sire_027,Dam_027,Bwawani
10977964,Sire_027,Dam_027,Bwawani
10977811,Sire_027,Dam_027,Bwawani
10977632,Sire_027,Dam_027,Bwawani
10977970,Sire_027,Dam_027,Bwawani
10977920,Sire_028,Dam_028,Kilola
10978585,Sire_028,Dam_028,Kilola
10977847,Sire_028,Dam_028,Kilola
10978147,Sire_028,Dam_028,Kilola
10977842,Sire_028,Dam_028,Kilola
10978455,Sire_028,Dam_028,Kilola
10978430,Sire_028,Dam_028,Kilola
10977981,Sire_028,Dam_028,Kilola
10978601,Sire_028,Dam_028,Kilola
10978551,Sire_028,Dam_028,Kilola
10978218,Sire_028,Dam_028,Kilola
10978398,Sire_028,Dam_028,Kilola
10978403,Sire_028,Dam_028,Kilola
10977824,Sire_028,Dam_028,Kilola
10977788,Sire_028,Dam_028,Kilola
10978419,Sire_028,Dam_028,Kilola
10978111,Sire_028,Dam_028,Kilola
10977725,Sire_028,Dam_028,Kilola
10978009,Sire_028,Dam_028,Kilola
10978155,Sire_028,Dam_028,Kilola
10977736,Sire_028,Dam_028,Kilola
10978425,Sire_028,Dam_028,Kilola
10978594,Sire_029,Dam_029,Kilola
10978536,Sire_029,Dam_029,Kilola
10978157,Sire_029,Dam_029,Kilola
10978129,Sire_029,Dam_029,Kilola
10978089,Sire_029,Dam_029,Kilola
10978260,Sire_029,Dam_029,Kilola
10978232,Sire_029,Dam_029,Kilola
10978623,Sire_029,Dam_029,Kilola
10978242,Sire_029,Dam_029,Kilola
10978606,Sire_029,Dam_029,Kilola
10978424,Sire_029,Dam_029,Kilola
10977684,Sire_029,Dam_029,Kilola
10977756,Sire_029,Dam_029,Kilola
10978559,Sire_029,Dam_029,Kilola
10978618,Sire_029,Dam_029,Kilola
10978622,Sire_029,Dam_029,Kilola
10978444,Sire_029,Dam_029,Kilola
10977846,Sire_029,Dam_029,Kilola
10977780,Sire_029,Dam_029,Kilola
10977742,Sire_029,Dam_029,Kilola
10978205,Sire_029,Dam_029,Kilola
10977858,Sire_030,Dam_030,Kilola
10978298,Sire_030,Dam_030,Kilola
10978236,Sire_030,Dam_030,Kilola
10978588,Sire_030,Dam_030,Kilola
10978474,Sire_030,Dam_030,Kilola
10977690,Sire_030,Dam_030,Kilola
10977826,Sire_030,Dam_030,Kilola
10978357,Sire_030,Dam_030,Kilola
10977679,Sire_030,Dam_030,Kilola
10978329,Sire_030,Dam_030,Kilola
10977695,Sire_030,Dam_030,Kilola
10977839,Sire_030,Dam_030,Kilola
10977813,Sire_030,Dam_030,Kilola
10978361,Sire_030,Dam_030,Kilola
10978420,Sire_030,Dam_030,Kilola
10978550,Sire_030,Dam_030,Kilola
10977904,Sire_030,Dam_030,Kilola
10978119,Sire_030,Dam_030,Kilola
10978301,Sire_030,Dam_030,Kilola
10977948,Sire_030,Dam_030,Kilola
10978467,Sire_030,Dam_030,Kilola
10978172,Sire_031,Dam_031,Kilola
10978072,Sire_031,Dam_031,Kilola
10978365,Sire_031,Dam_031,Kilola
10977639,Sire_031,Dam_031,Kilola
10978520,Sire_031,Dam_031,Kilola
10978131,Sire_031,Dam_031,Kilola
10978492,Sire_031,Dam_031,Kilola
10978311,Sire_031,Dam_031,Kilola
10978364,Sire_031,Dam_031,Kilola
10978053,Sire_031,Dam_031,Kilola
10978598,Sire_031,Dam_031,Kilola
10978475,Sire_031,Dam_031,Kilola
10978572,Sire_031,Dam_031,Kilola
10977892,Sire_031,Dam_031,Kilola
10973049,Sire_031,Dam_031,Kilola
10978134,Sire_031,Dam_031,Kilola
10978271,Sire_031,Dam_031,Kilola
10978085,Sire_031,Dam_031,Kilola
10978010,Sire_031,Dam_031,Kilola
10978283,Sire_031,Dam_031,Kilola
10977760,Sire_031,Dam_031,Kilola
10977829,Sire_031,Dam_031,Kilola
10978176,Sire_031,Dam_031,Kilola
10978195,Sire_031,Dam_031,Kilola
10978358,Sire_031,Dam_031,Kilola
10977767,Sire_031,Dam_031,Kilola
10978033,Sire_031,Dam_031,Kilola
10978491,Sire_031,Dam_031,Kilola
10978519,Sire_031,Dam_031,Kilola
10977723,Sire_031,Dam_031,Kilola
10978541,Sire_032,Dam_032,Ruaha
10977676,Sire_032,Dam_032,Ruaha
10978504,Sire_032,Dam_032,Ruaha
10978470,Sire_032,Dam_032,Ruaha
10977113,Sire_032,Dam_032,Ruaha
10978554,Sire_032,Dam_032,Ruaha
10977645,Sire_032,Dam_032,Ruaha
10978476,Sire_032,Dam_032,Ruaha
10978561,Sire_032,Dam_032,Ruaha
10977818,Sire_032,Dam_032,Ruaha
10978002,Sire_032,Dam_032,Ruaha
10977665,Sire_032,Dam_032,Ruaha
10978505,Sire_032,Dam_032,Ruaha
10973214,Sire_032,Dam_032,Ruaha
10977885,Sire_032,Dam_032,Ruaha
10978485,Sire_032,Dam_032,Ruaha
10977677,Sire_032,Dam_032,Ruaha
10978557,Sire_032,Dam_032,Ruaha
10977884,Sire_032,Dam_032,Ruaha
10978575,Sire_032,Dam_032,Ruaha
10978443,Sire_032,Dam_032,Ruaha
10978330,Sire_032,Dam_032,Ruaha
10978564,Sire_032,Dam_032,Ruaha
10973317,Sire_032,Dam_032,Ruaha
10977837,Sire_033,Dam_033,Ruaha
10978497,Sire_033,Dam_033,Ruaha
10978175,Sire_033,Dam_033,Ruaha
10978266,Sire_033,Dam_033,Ruaha
10978402,Sire_033,Dam_033,Ruaha
10978318,Sire_033,Dam_033,Ruaha
10978221,Sire_033,Dam_033,Ruaha
10978448,Sire_033,Dam_033,Ruaha
10977844,Sire_033,Dam_033,Ruaha
10978120,Sire_033,Dam_033,Ruaha
10978149,Sire_033,Dam_033,Ruaha
10978161,Sire_033,Dam_033,Ruaha
10978558,Sire_033,Dam_033,Ruaha
10978480,Sire_033,Dam_033,Ruaha
10977936,Sire_033,Dam_033,Ruaha
10973059,Sire_033,Dam_033,Ruaha
10977766,Sire_033,Dam_033,Ruaha
10977669,Sire_033,Dam_033,Ruaha
10977659,Sire_033,Dam_033,Ruaha
10973583,Sire_033,Dam_033,Ruaha
10978455,Sire_033,Dam_033,Ruaha
10978237,Sire_033,Dam_033,Ruaha
10977652,Sire_033,Dam_033,Ruaha
10978163,Sire_033,Dam_033,Ruaha
10977803,Sire_033,Dam_033,Ruaha
10978203,Sire_033,Dam_033,Ruaha
10978177,Sire_033,Dam_033,Ruaha
10978223,Sire_033,Dam_033,Ruaha
10978580,Sire_033,Dam_033,Ruaha
10977784,Sire_034,Dam_034,Ruaha
10978377,Sire_034,Dam_034,Ruaha
10977644,Sire_034,Dam_034,Ruaha
10978592,Sire_034,Dam_034,Ruaha
10978006,Sire_034,Dam_034,Ruaha
10978020,Sire_034,Dam_034,Ruaha
10978326,Sire_034,Dam_034,Ruaha
10978567,Sire_034,Dam_034,Ruaha
10978056,Sire_034,Dam_034,Ruaha
10978387,Sire_034,Dam_034,Ruaha
10977932,Sire_034,Dam_034,Ruaha
10978453,Sire_034,Dam_034,Ruaha
10978036,Sire_034,Dam_034,Ruaha
10978259,Sire_034,Dam_034,Ruaha
10978538,Sire_034,Dam_034,Ruaha
10978603,Sire_034,Dam_034,Ruaha
10977914,Sire_034,Dam_034,Ruaha
10978178,Sire_034,Dam_034,Ruaha
10978533,Sire_035,Dam_035,Ruaha
10978289,Sire_035,Dam_035,Ruaha
10977823,Sire_035,Dam_035,Ruaha
10977748,Sire_035,Dam_035,Ruaha
10978899,Sire_035,Dam_035,Ruaha
10977635,Sire_035,Dam_035,Ruaha
10978151,Sire_035,Dam_035,Ruaha
10977918,Sire_035,Dam_035,Ruaha
10977945,Sire_035,Dam_035,Ruaha
10978369,Sire_035,Dam_035,Ruaha
10978013,Sire_035,Dam_035,Ruaha
10978579,Sire_035,Dam_035,Ruaha
10977708,Sire_035,Dam_035,Ruaha
10977975,Sire_035,Dam_035,Ruaha
